data;currency;usdpercent;usd;tngpercent;tng
26.02.2008;1 USD = 121.65 KZT;-0.84%;2 601 $/м2;-0.84%;316 400 ₸/м2
26.02.2008;1 USD = 121.65 KZT;-0.84%;2 601 $/м2;-0.84%;316 400 ₸/м2
11.03.2008;1 USD = 121.65 KZT;-0.55%;2 510 $/м2;-0.55%;305 300 ₸/м2
18.03.2008;1 USD = 121.65 KZT;-1.27%;2 478 $/м2;-1.27%;301 400 ₸/м2
18.03.2008;1 USD = 121.65 KZT;-1.27%;2 478 $/м2;-1.27%;301 400 ₸/м2
01.04.2008;1 USD = 121.65 KZT;-1.08%;2 387 $/м2;-1.08%;290 400 ₸/м2
08.04.2008;1 USD = 121.65 KZT;-5.19%;2 263 $/м2;-5.19%;275 300 ₸/м2
08.04.2008;1 USD = 121.65 KZT;-5.19%;2 263 $/м2;-5.19%;275 300 ₸/м2
22.04.2008;1 USD = 121.65 KZT;2.98%;2 249 $/м2;2.98%;273 600 ₸/м2
29.04.2008;1 USD = 121.65 KZT;0.22%;2 254 $/м2;0.22%;274 200 ₸/м2
06.05.2008;1 USD = 121.65 KZT;-1.77%;2 214 $/м2;-1.77%;269 300 ₸/м2
06.05.2008;1 USD = 121.65 KZT;-1.77%;2 214 $/м2;-1.77%;269 300 ₸/м2
20.05.2008;1 USD = 121.65 KZT;-0.36%;2 243 $/м2;-0.36%;272 900 ₸/м2
27.05.2008;1 USD = 121.65 KZT;-1.38%;2 212 $/м2;-1.38%;269 100 ₸/м2
27.05.2008;1 USD = 121.65 KZT;-1.38%;2 212 $/м2;-1.38%;269 100 ₸/м2
10.06.2008;1 USD = 121.65 KZT;1.52%;2 206 $/м2;1.52%;268 400 ₸/м2
17.06.2008;1 USD = 121.65 KZT;3.17%;2 276 $/м2;3.17%;276 900 ₸/м2
24.06.2008;1 USD = 121.65 KZT;-1.19%;2 249 $/м2;-1.19%;273 600 ₸/м2
24.06.2008;1 USD = 121.65 KZT;-1.19%;2 249 $/м2;-1.19%;273 600 ₸/м2
08.07.2008;1 USD = 121.65 KZT;5.09%;2 231 $/м2;5.09%;271 400 ₸/м2
15.07.2008;1 USD = 121.65 KZT;0%;2 231 $/м2;0%;271 400 ₸/м2
15.07.2008;1 USD = 121.65 KZT;0%;2 231 $/м2;0%;271 400 ₸/м2
29.07.2008;1 USD = 121.65 KZT;0.27%;1 885 $/м2;0.27%;229 300 ₸/м2
05.08.2008;1 USD = 121.65 KZT;0.95%;1 903 $/м2;0.96%;231 500 ₸/м2
05.08.2008;1 USD = 121.65 KZT;0.95%;1 903 $/м2;0.96%;231 500 ₸/м2
19.08.2008;1 USD = 121.65 KZT;-0.52%;1 914 $/м2;-0.52%;232 800 ₸/м2
26.08.2008;1 USD = 121.65 KZT;1.88%;1 950 $/м2;1.88%;237 200 ₸/м2
02.09.2008;1 USD = 121.65 KZT;1.59%;1 981 $/м2;1.59%;241 000 ₸/м2
02.09.2008;1 USD = 121.65 KZT;1.59%;1 981 $/м2;1.59%;241 000 ₸/м2
16.09.2008;1 USD = 121.65 KZT;1.55%;2 037 $/м2;1.55%;247 800 ₸/м2
23.09.2008;1 USD = 121.65 KZT;1.23%;2 062 $/м2;1.23%;250 800 ₸/м2
23.09.2008;1 USD = 121.65 KZT;1.23%;2 062 $/м2;1.23%;250 800 ₸/м2
07.10.2008;1 USD = 121.65 KZT;-0.38%;2 092 $/м2;-0.38%;254 500 ₸/м2
14.10.2008;1 USD = 121.65 KZT;0.57%;2 104 $/м2;0.57%;256 000 ₸/м2
14.10.2008;1 USD = 121.65 KZT;0.57%;2 104 $/м2;0.57%;256 000 ₸/м2
28.10.2008;1 USD = 121.65 KZT;-1.72%;2 054 $/м2;-1.72%;249 900 ₸/м2
04.11.2008;1 USD = 121.65 KZT;-0.73%;2 039 $/м2;-0.73%;248 000 ₸/м2
11.11.2008;1 USD = 121.65 KZT;-0.88%;2 021 $/м2;-0.88%;245 900 ₸/м2
11.11.2008;1 USD = 121.65 KZT;-0.88%;2 021 $/м2;-0.88%;245 900 ₸/м2
25.11.2008;1 USD = 121.65 KZT;-1.54%;1 982 $/м2;-1.54%;241 100 ₸/м2
02.12.2008;1 USD = 121.65 KZT;-1.11%;1 960 $/м2;-1.11%;238 400 ₸/м2
02.12.2008;1 USD = 121.65 KZT;-1.11%;1 960 $/м2;-1.11%;238 400 ₸/м2
16.12.2008;1 USD = 121.65 KZT;-2.18%;1 889 $/м2;-2.17%;229 800 ₸/м2
23.12.2008;1 USD = 121.65 KZT;-1.43%;1 862 $/м2;-1.43%;226 500 ₸/м2
06.01.2009;1 USD = 121.65 KZT;-1.61%;1 832 $/м2;-1.61%;222 900 ₸/м2
13.01.2009;1 USD = 121.65 KZT;-0.76%;1 818 $/м2;-0.76%;221 200 ₸/м2
20.01.2009;1 USD = 121.65 KZT;-0.06%;1 817 $/м2;-0.06%;221 000 ₸/м2
20.01.2009;1 USD = 121.65 KZT;-0.06%;1 817 $/м2;-0.06%;221 000 ₸/м2
03.02.2009;1 USD = 121.87 KZT;-1.45%;1 763 $/м2;-1.28%;214 900 ₸/м2
10.02.2009;1 USD = 148.50 KZT;-2.04%;1 727 $/м2;19.36%;256 500 ₸/м2
10.02.2009;1 USD = 148.50 KZT;-2.04%;1 727 $/м2;19.36%;256 500 ₸/м2
24.02.2009;1 USD = 150.00 KZT;-0.77%;1 677 $/м2;-0.18%;251 600 ₸/м2
03.03.2009;1 USD = 150.60 KZT;-1.97%;1 644 $/м2;-1.58%;247 600 ₸/м2
10.03.2009;1 USD = 150.49 KZT;-0.3%;1 639 $/м2;-0.38%;246 700 ₸/м2
10.03.2009;1 USD = 150.49 KZT;-0.3%;1 639 $/м2;-0.38%;246 700 ₸/м2
24.03.2009;1 USD = 151.10 KZT;0.74%;1 629 $/м2;1.31%;246 100 ₸/м2
31.03.2009;1 USD = 151.40 KZT;-0.55%;1 620 $/м2;-0.36%;245 300 ₸/м2
31.03.2009;1 USD = 151.40 KZT;-0.55%;1 620 $/м2;-0.36%;245 300 ₸/м2
14.04.2009;1 USD = 150.83 KZT;0.25%;1 617 $/м2;0.08%;243 900 ₸/м2
21.04.2009;1 USD = 150.33 KZT;-1.24%;1 597 $/м2;-1.56%;240 100 ₸/м2
21.04.2009;1 USD = 150.33 KZT;-1.24%;1 597 $/м2;-1.56%;240 100 ₸/м2
05.05.2009;1 USD = 150.68 KZT;-1.12%;1 593 $/м2;-1.1%;240 000 ₸/м2
12.05.2009;1 USD = 150.46 KZT;-0.75%;1 581 $/м2;-0.9%;237 900 ₸/м2
19.05.2009;1 USD = 150.27 KZT;-0.57%;1 572 $/м2;-0.69%;236 200 ₸/м2
19.05.2009;1 USD = 150.27 KZT;-0.57%;1 572 $/м2;-0.69%;236 200 ₸/м2
02.06.2009;1 USD = 150.22 KZT;-0.57%;1 560 $/м2;-0.47%;234 300 ₸/м2
09.06.2009;1 USD = 150.46 KZT;-1.03%;1 544 $/м2;-0.87%;232 300 ₸/м2
09.06.2009;1 USD = 150.46 KZT;-1.03%;1 544 $/м2;-0.87%;232 300 ₸/м2
23.06.2009;1 USD = 150.39 KZT;-0.32%;1 539 $/м2;-0.15%;231 500 ₸/м2
30.06.2009;1 USD = 150.41 KZT;-1.1%;1 522 $/м2;-1.09%;228 900 ₸/м2
07.07.2009;1 USD = 150.33 KZT;-1.71%;1 496 $/м2;-1.76%;224 900 ₸/м2
07.07.2009;1 USD = 150.33 KZT;-1.71%;1 496 $/м2;-1.76%;224 900 ₸/м2
21.07.2009;1 USD = 150.78 KZT;0.07%;1 522 $/м2;0.29%;229 500 ₸/м2
28.07.2009;1 USD = 150.77 KZT;0.59%;1 531 $/м2;0.58%;230 800 ₸/м2
28.07.2009;1 USD = 150.77 KZT;0.59%;1 531 $/м2;0.58%;230 800 ₸/м2
11.08.2009;1 USD = 150.75 KZT;0.52%;1 539 $/м2;0.52%;232 000 ₸/м2
18.08.2009;1 USD = 150.80 KZT;0.91%;1 553 $/м2;0.94%;234 200 ₸/м2
18.08.2009;1 USD = 150.80 KZT;0.91%;1 553 $/м2;0.94%;234 200 ₸/м2
01.09.2009;1 USD = 150.80 KZT;0.9%;1 564 $/м2;0.92%;235 900 ₸/м2
08.09.2009;1 USD = 150.84 KZT;-0.38%;1 558 $/м2;-0.36%;235 000 ₸/м2
15.09.2009;1 USD = 150.92 KZT;0.51%;1 566 $/м2;0.57%;236 300 ₸/м2
15.09.2009;1 USD = 150.92 KZT;0.51%;1 566 $/м2;0.57%;236 300 ₸/м2
29.09.2009;1 USD = 150.95 KZT;0.7%;1 587 $/м2;0.74%;239 600 ₸/м2
06.10.2009;1 USD = 150.99 KZT;-0.76%;1 575 $/м2;-0.73%;237 800 ₸/м2
06.10.2009;1 USD = 150.99 KZT;-0.76%;1 575 $/м2;-0.73%;237 800 ₸/м2
20.10.2009;1 USD = 150.73 KZT;0.57%;1 580 $/м2;0.61%;238 200 ₸/м2
27.10.2009;1 USD = 150.68 KZT;-0.32%;1 575 $/м2;-0.35%;237 300 ₸/м2
27.10.2009;1 USD = 150.68 KZT;-0.32%;1 575 $/м2;-0.35%;237 300 ₸/м2
10.11.2009;1 USD = 150.90 KZT;0.31%;1 593 $/м2;0.41%;240 400 ₸/м2
17.11.2009;1 USD = 149.50 KZT;0%;1 593 $/м2;-0.93%;238 200 ₸/м2
24.11.2009;1 USD = 148.80 KZT;0.63%;1 603 $/м2;0.16%;238 500 ₸/м2
24.11.2009;1 USD = 148.80 KZT;0.63%;1 603 $/м2;0.16%;238 500 ₸/м2
08.12.2009;1 USD = 148.94 KZT;-0.5%;1 607 $/м2;-0.31%;239 300 ₸/м2
15.12.2009;1 USD = 148.80 KZT;0.31%;1 612 $/м2;0.22%;239 900 ₸/м2
22.12.2009;1 USD = 148.59 KZT;-0.87%;1 598 $/м2;-1.01%;237 400 ₸/м2
05.01.2010;1 USD = 148.46 KZT;0.19%;1 601 $/м2;0.1%;237 700 ₸/м2
12.01.2010;1 USD = 148.15 KZT;1.06%;1 618 $/м2;0.85%;239 700 ₸/м2
12.01.2010;1 USD = 148.15 KZT;1.06%;1 618 $/м2;0.85%;239 700 ₸/м2
26.01.2010;1 USD = 147.94 KZT;0.43%;1 644 $/м2;0.39%;243 200 ₸/м2
02.02.2010;1 USD = 147.95 KZT;1.46%;1 668 $/м2;1.47%;246 800 ₸/м2
02.02.2010;1 USD = 147.95 KZT;1.46%;1 668 $/м2;1.47%;246 800 ₸/м2
16.02.2010;1 USD = 148.08 KZT;0.54%;1 675 $/м2;0.62%;248 000 ₸/м2
23.02.2010;1 USD = 147.67 KZT;0.9%;1 690 $/м2;0.62%;249 600 ₸/м2
23.02.2010;1 USD = 147.67 KZT;0.9%;1 690 $/м2;0.62%;249 600 ₸/м2
09.03.2010;1 USD = 147.20 KZT;0.71%;1 713 $/м2;0.69%;252 200 ₸/м2
16.03.2010;1 USD = 147.09 KZT;-0.35%;1 707 $/м2;-0.42%;251 100 ₸/м2
23.03.2010;1 USD = 147.05 KZT;1.23%;1 728 $/м2;1.14%;253 900 ₸/м2
23.03.2010;1 USD = 147.05 KZT;1.23%;1 728 $/м2;1.14%;253 900 ₸/м2
06.04.2010;1 USD = 146.91 KZT;-1.1%;1 711 $/м2;-1.13%;251 400 ₸/м2
13.04.2010;1 USD = 146.77 KZT;1.23%;1 732 $/м2;1.13%;254 200 ₸/м2
13.04.2010;1 USD = 146.77 KZT;1.23%;1 732 $/м2;1.13%;254 200 ₸/м2
27.04.2010;1 USD = 146.56 KZT;0.87%;1 745 $/м2;0.83%;255 700 ₸/м2
04.05.2010;1 USD = 146.43 KZT;-1.2%;1 724 $/м2;-1.29%;252 400 ₸/м2
04.05.2010;1 USD = 146.43 KZT;-1.2%;1 724 $/м2;-1.29%;252 400 ₸/м2
18.05.2010;1 USD = 146.74 KZT;-0.29%;1 714 $/м2;-0.49%;251 500 ₸/м2
25.05.2010;1 USD = 146.47 KZT;0.35%;1 720 $/м2;0.17%;251 900 ₸/м2
01.06.2010;1 USD = 146.69 KZT;-0.41%;1 713 $/м2;-0.26%;251 300 ₸/м2
01.06.2010;1 USD = 146.69 KZT;-0.41%;1 713 $/м2;-0.26%;251 300 ₸/м2
15.06.2010;1 USD = 147.08 KZT;-0.47%;1 700 $/м2;-0.45%;250 000 ₸/м2
22.06.2010;1 USD = 146.95 KZT;-0.71%;1 688 $/м2;-0.79%;248 100 ₸/м2
22.06.2010;1 USD = 146.95 KZT;-0.71%;1 688 $/м2;-0.79%;248 100 ₸/м2
06.07.2010;1 USD = 147.48 KZT;-1.06%;1 673 $/м2;-0.83%;247 100 ₸/м2
13.07.2010;1 USD = 147.70 KZT;-0.06%;1 672 $/м2;-0.06%;247 000 ₸/м2
20.07.2010;1 USD = 147.47 KZT;-0.18%;1 669 $/м2;-0.33%;246 100 ₸/м2
20.07.2010;1 USD = 147.47 KZT;-0.18%;1 669 $/м2;-0.33%;246 100 ₸/м2
03.08.2010;1 USD = 147.78 KZT;0.42%;1 679 $/м2;0.75%;248 100 ₸/м2
10.08.2010;1 USD = 147.24 KZT;0.24%;1 683 $/м2;-0.13%;247 800 ₸/м2
10.08.2010;1 USD = 147.24 KZT;0.24%;1 683 $/м2;-0.13%;247 800 ₸/м2
24.08.2010;1 USD = 147.20 KZT;0.35%;1 704 $/м2;0.22%;250 800 ₸/м2
31.08.2010;1 USD = 147.14 KZT;0.06%;1 705 $/м2;0.02%;250 900 ₸/м2
31.08.2010;1 USD = 147.14 KZT;0.06%;1 705 $/м2;0.02%;250 900 ₸/м2
14.09.2010;1 USD = 147.24 KZT;0.23%;1 718 $/м2;0.21%;253 000 ₸/м2
21.09.2010;1 USD = 147.42 KZT;0.17%;1 721 $/м2;0.3%;253 700 ₸/м2
28.09.2010;1 USD = 147.54 KZT;-0.06%;1 720 $/м2;0.02%;253 800 ₸/м2
28.09.2010;1 USD = 147.54 KZT;-0.06%;1 720 $/м2;0.02%;253 800 ₸/м2
12.10.2010;1 USD = 147.60 KZT;-0.06%;1 718 $/м2;0.01%;253 600 ₸/м2
19.10.2010;1 USD = 147.56 KZT;0.52%;1 727 $/м2;0.5%;254 800 ₸/м2
19.10.2010;1 USD = 147.56 KZT;0.52%;1 727 $/м2;0.5%;254 800 ₸/м2
02.11.2010;1 USD = 147.51 KZT;0.35%;1 736 $/м2;0.3%;256 100 ₸/м2
09.11.2010;1 USD = 147.68 KZT;0.46%;1 744 $/м2;0.58%;257 600 ₸/м2
09.11.2010;1 USD = 147.68 KZT;0.46%;1 744 $/м2;0.58%;257 600 ₸/м2
23.11.2010;1 USD = 147.38 KZT;0.17%;1 740 $/м2;0.17%;256 400 ₸/м2
30.11.2010;1 USD = 147.49 KZT;0.46%;1 748 $/м2;0.54%;257 800 ₸/м2
07.12.2010;1 USD = 147.56 KZT;-0.69%;1 736 $/м2;-0.64%;256 200 ₸/м2
07.12.2010;1 USD = 147.56 KZT;-0.69%;1 736 $/м2;-0.64%;256 200 ₸/м2
21.12.2010;1 USD = 147.34 KZT;-0.91%;1 743 $/м2;-0.91%;256 800 ₸/м2
04.01.2011;1 USD = 147.40 KZT;1.15%;1 763 $/м2;1.14%;259 700 ₸/м2
11.01.2011;1 USD = 147.33 KZT;-0.4%;1 756 $/м2;-0.4%;258 700 ₸/м2
18.01.2011;1 USD = 146.99 KZT;0.63%;1 767 $/м2;0.39%;259 700 ₸/м2
25.01.2011;1 USD = 146.86 KZT;0.17%;1 770 $/м2;0.08%;259 900 ₸/м2
25.01.2011;1 USD = 146.86 KZT;0.17%;1 770 $/м2;0.08%;259 900 ₸/м2
08.02.2011;1 USD = 146.73 KZT;1.25%;1 775 $/м2;1.16%;260 400 ₸/м2
15.02.2011;1 USD = 146.48 KZT;-0.34%;1 769 $/м2;-0.51%;259 100 ₸/м2
15.02.2011;1 USD = 146.48 KZT;-0.34%;1 769 $/м2;-0.51%;259 100 ₸/м2
01.03.2011;1 USD = 146.02 KZT;-0.45%;1 773 $/м2;-0.54%;258 900 ₸/м2
08.03.2011;1 USD = 145.68 KZT;0.23%;1 777 $/м2;0.11%;259 200 ₸/м2
08.03.2011;1 USD = 145.68 KZT;0.23%;1 777 $/м2;0.11%;259 200 ₸/м2
22.03.2011;1 USD = 145.79 KZT;0.11%;1 786 $/м2;-0.08%;260 000 ₸/м2
29.03.2011;1 USD = 145.57 KZT;-0.62%;1 775 $/м2;-0.62%;258 400 ₸/м2
05.04.2011;1 USD = 145.81 KZT;1.35%;1 799 $/м2;1.52%;262 300 ₸/м2
05.04.2011;1 USD = 145.81 KZT;1.35%;1 799 $/м2;1.52%;262 300 ₸/м2
19.04.2011;1 USD = 145.30 KZT;0.51%;1 790 $/м2;0.44%;260 100 ₸/м2
26.04.2011;1 USD = 145.38 KZT;-0.34%;1 784 $/м2;-0.28%;259 400 ₸/м2
26.04.2011;1 USD = 145.38 KZT;-0.34%;1 784 $/м2;-0.28%;259 400 ₸/м2
10.05.2011;1 USD = 145.68 KZT;0.06%;1 790 $/м2;0.15%;260 800 ₸/м2
17.05.2011;1 USD = 145.79 KZT;-1.23%;1 768 $/м2;-1.15%;257 800 ₸/м2
17.05.2011;1 USD = 145.79 KZT;-1.23%;1 768 $/м2;-1.15%;257 800 ₸/м2
31.05.2011;1 USD = 145.34 KZT;0.68%;1 774 $/м2;0.76%;257 800 ₸/м2
07.06.2011;1 USD = 145.55 KZT;0.34%;1 780 $/м2;0.48%;259 100 ₸/м2
14.06.2011;1 USD = 145.74 KZT;0.11%;1 782 $/м2;0.24%;259 700 ₸/м2
14.06.2011;1 USD = 145.74 KZT;0.11%;1 782 $/м2;0.24%;259 700 ₸/м2
28.06.2011;1 USD = 146.27 KZT;0%;1 777 $/м2;0.16%;259 900 ₸/м2
05.07.2011;1 USD = 145.84 KZT;0.28%;1 782 $/м2;-0.01%;259 900 ₸/м2
05.07.2011;1 USD = 145.84 KZT;0.28%;1 782 $/м2;-0.01%;259 900 ₸/м2
19.07.2011;1 USD = 145.87 KZT;-1.01%;1 761 $/м2;-0.84%;256 900 ₸/м2
26.07.2011;1 USD = 145.90 KZT;0.57%;1 771 $/м2;0.59%;258 400 ₸/м2
02.08.2011;1 USD = 145.89 KZT;0.73%;1 784 $/м2;0.73%;260 300 ₸/м2
02.08.2011;1 USD = 145.89 KZT;0.73%;1 784 $/м2;0.73%;260 300 ₸/м2
16.08.2011;1 USD = 147.07 KZT;0.45%;1 802 $/м2;0.73%;265 000 ₸/м2
23.08.2011;1 USD = 146.70 KZT;0.61%;1 813 $/м2;0.36%;266 000 ₸/м2
23.08.2011;1 USD = 146.70 KZT;0.61%;1 813 $/м2;0.36%;266 000 ₸/м2
06.09.2011;1 USD = 146.80 KZT;0.89%;1 821 $/м2;0.89%;267 300 ₸/м2
13.09.2011;1 USD = 147.31 KZT;-0.22%;1 817 $/м2;0.13%;267 700 ₸/м2
13.09.2011;1 USD = 147.31 KZT;-0.22%;1 817 $/м2;0.13%;267 700 ₸/м2
27.09.2011;1 USD = 147.78 KZT;0.82%;1 835 $/м2;1.29%;271 200 ₸/м2
04.10.2011;1 USD = 148.19 KZT;-0.87%;1 819 $/м2;-0.6%;269 600 ₸/м2
11.10.2011;1 USD = 148.24 KZT;0.82%;1 834 $/м2;0.86%;271 900 ₸/м2
11.10.2011;1 USD = 148.24 KZT;0.82%;1 834 $/м2;0.86%;271 900 ₸/м2
25.10.2011;1 USD = 147.97 KZT;-0.22%;1 831 $/м2;-0.15%;270 900 ₸/м2
01.11.2011;1 USD = 147.77 KZT;0.11%;1 833 $/м2;-0.03%;270 900 ₸/м2
01.11.2011;1 USD = 147.77 KZT;0.11%;1 833 $/м2;-0.03%;270 900 ₸/м2
15.11.2011;1 USD = 148.14 KZT;0.66%;1 838 $/м2;0.77%;272 300 ₸/м2
22.11.2011;1 USD = 147.95 KZT;-0.05%;1 837 $/м2;-0.18%;271 800 ₸/м2
22.11.2011;1 USD = 147.95 KZT;-0.05%;1 837 $/м2;-0.18%;271 800 ₸/м2
06.12.2011;1 USD = 147.63 KZT;-1.14%;1 825 $/м2;-1.04%;269 400 ₸/м2
13.12.2011;1 USD = 147.87 KZT;1.53%;1 853 $/м2;1.7%;274 000 ₸/м2
20.12.2011;1 USD = 148.08 KZT;0.05%;1 854 $/м2;0.2%;274 500 ₸/м2
27.12.2011;1 USD = 148.08 KZT;0.81%;1 869 $/м2;0.81%;276 800 ₸/м2
10.01.2012;1 USD = 148.54 KZT;-0.48%;1 860 $/м2;-0.17%;276 300 ₸/м2
10.01.2012;1 USD = 148.54 KZT;-0.48%;1 860 $/м2;-0.17%;276 300 ₸/м2
24.01.2012;1 USD = 148.44 KZT;0.38%;1 860 $/м2;0.43%;276 100 ₸/м2
31.01.2012;1 USD = 148.60 KZT;0.05%;1 861 $/м2;0.16%;276 500 ₸/м2
07.02.2012;1 USD = 148.66 KZT;-0.43%;1 853 $/м2;-0.39%;275 500 ₸/м2
07.02.2012;1 USD = 148.66 KZT;-0.43%;1 853 $/м2;-0.39%;275 500 ₸/м2
21.02.2012;1 USD = 148.11 KZT;0.54%;1 869 $/м2;0.36%;276 800 ₸/м2
28.02.2012;1 USD = 147.62 KZT;-0.37%;1 862 $/м2;-0.7%;274 900 ₸/м2
28.02.2012;1 USD = 147.62 KZT;-0.37%;1 862 $/м2;-0.7%;274 900 ₸/м2
13.03.2012;1 USD = 147.93 KZT;-0.48%;1 851 $/м2;-0.5%;273 800 ₸/м2
20.03.2012;1 USD = 147.71 KZT;0.32%;1 857 $/м2;0.17%;274 300 ₸/м2
20.03.2012;1 USD = 147.71 KZT;0.32%;1 857 $/м2;0.17%;274 300 ₸/м2
03.04.2012;1 USD = 147.92 KZT;0.05%;1 860 $/м2;0.23%;275 100 ₸/м2
10.04.2012;1 USD = 147.52 KZT;-0.05%;1 859 $/м2;-0.32%;274 200 ₸/м2
17.04.2012;1 USD = 147.50 KZT;0.65%;1 871 $/м2;0.63%;276 000 ₸/м2
17.04.2012;1 USD = 147.50 KZT;0.65%;1 871 $/м2;0.63%;276 000 ₸/м2
01.05.2012;1 USD = 147.90 KZT;0%;1 867 $/м2;0.02%;276 000 ₸/м2
08.05.2012;1 USD = 147.85 KZT;0.21%;1 871 $/м2;0.21%;276 600 ₸/м2
08.05.2012;1 USD = 147.85 KZT;0.21%;1 871 $/м2;0.21%;276 600 ₸/м2
22.05.2012;1 USD = 147.99 KZT;0.27%;1 868 $/м2;0.26%;276 400 ₸/м2
29.05.2012;1 USD = 148.02 KZT;0.16%;1 871 $/м2;0.18%;276 900 ₸/м2
29.05.2012;1 USD = 148.02 KZT;0.16%;1 871 $/м2;0.18%;276 900 ₸/м2
12.06.2012;1 USD = 148.70 KZT;-0.11%;1 869 $/м2;-0.15%;277 900 ₸/м2
19.06.2012;1 USD = 148.92 KZT;-0.37%;1 862 $/м2;-0.23%;277 300 ₸/м2
26.06.2012;1 USD = 149.22 KZT;0.64%;1 874 $/м2;0.85%;279 600 ₸/м2
26.06.2012;1 USD = 149.22 KZT;0.64%;1 874 $/м2;0.85%;279 600 ₸/м2
10.07.2012;1 USD = 149.70 KZT;0.11%;1 859 $/м2;0.38%;278 300 ₸/м2
17.07.2012;1 USD = 149.95 KZT;0.48%;1 868 $/м2;0.65%;280 100 ₸/м2
17.07.2012;1 USD = 149.95 KZT;0.48%;1 868 $/м2;0.65%;280 100 ₸/м2
31.07.2012;1 USD = 149.93 KZT;0.32%;1 875 $/м2;0.45%;281 100 ₸/м2
14.08.2012;1 USD = 149.64 KZT;0%;1 875 $/м2;-0.19%;280 600 ₸/м2
14.08.2012;1 USD = 149.64 KZT;0%;1 875 $/м2;-0.19%;280 600 ₸/м2
28.08.2012;1 USD = 148.86 KZT;0.74%;1 899 $/м2;0.5%;282 700 ₸/м2
04.09.2012;1 USD = 149.57 KZT;-0.68%;1 886 $/м2;-0.21%;282 100 ₸/м2
04.09.2012;1 USD = 149.57 KZT;-0.68%;1 886 $/м2;-0.21%;282 100 ₸/м2
18.09.2012;1 USD = 149.76 KZT;-0.21%;1 888 $/м2;-0.1%;282 700 ₸/м2
25.09.2012;1 USD = 150.12 KZT;-0.37%;1 881 $/м2;-0.13%;282 400 ₸/м2
25.09.2012;1 USD = 150.12 KZT;-0.37%;1 881 $/м2;-0.13%;282 400 ₸/м2
09.10.2012;1 USD = 150.33 KZT;0%;1 886 $/м2;0.21%;283 500 ₸/м2
16.10.2012;1 USD = 150.62 KZT;-0.27%;1 881 $/м2;-0.07%;283 300 ₸/м2
23.10.2012;1 USD = 150.43 KZT;0.27%;1 886 $/м2;0.14%;283 700 ₸/м2
23.10.2012;1 USD = 150.43 KZT;0.27%;1 886 $/м2;0.14%;283 700 ₸/м2
06.11.2012;1 USD = 150.86 KZT;0.11%;1 891 $/м2;0.23%;285 300 ₸/м2
13.11.2012;1 USD = 150.86 KZT;0.11%;1 893 $/м2;0.11%;285 600 ₸/м2
13.11.2012;1 USD = 150.86 KZT;0.11%;1 893 $/м2;0.11%;285 600 ₸/м2
27.11.2012;1 USD = 150.15 KZT;0.96%;1 901 $/м2;0.75%;285 400 ₸/м2
04.12.2012;1 USD = 150.52 KZT;0.11%;1 903 $/м2;0.35%;286 400 ₸/м2
04.12.2012;1 USD = 150.52 KZT;0.11%;1 903 $/м2;0.35%;286 400 ₸/м2
18.12.2012;1 USD = 150.49 KZT;0.42%;1 916 $/м2;0.73%;288 500 ₸/м2
25.12.2012;1 USD = 150.27 KZT;-0.26%;1 911 $/м2;-0.26%;287 800 ₸/м2
08.01.2013;1 USD = 150.59 KZT;0.94%;1 929 $/м2;0.94%;290 500 ₸/м2
15.01.2013;1 USD = 150.91 KZT;-0.67%;1 916 $/м2;-0.46%;289 100 ₸/м2
22.01.2013;1 USD = 150.67 KZT;-0.21%;1 912 $/м2;-0.37%;288 100 ₸/м2
22.01.2013;1 USD = 150.67 KZT;-0.21%;1 912 $/м2;-0.37%;288 100 ₸/м2
05.02.2013;1 USD = 150.77 KZT;0.79%;1 916 $/м2;0.88%;288 900 ₸/м2
12.02.2013;1 USD = 150.60 KZT;-0.68%;1 903 $/м2;-0.79%;286 600 ₸/м2
19.02.2013;1 USD = 150.48 KZT;0.26%;1 908 $/м2;0.18%;287 100 ₸/м2
19.02.2013;1 USD = 150.48 KZT;0.26%;1 908 $/м2;0.18%;287 100 ₸/м2
05.03.2013;1 USD = 150.71 KZT;0.16%;1 906 $/м2;0.46%;287 300 ₸/м2
12.03.2013;1 USD = 150.75 KZT;-1%;1 887 $/м2;-0.97%;284 500 ₸/м2
12.03.2013;1 USD = 150.75 KZT;-1%;1 887 $/м2;-0.97%;284 500 ₸/м2
26.03.2013;1 USD = 150.88 KZT;-0.37%;1 895 $/м2;-0.18%;285 900 ₸/м2
02.04.2013;1 USD = 150.87 KZT;-0.37%;1 888 $/м2;-0.38%;284 800 ₸/м2
02.04.2013;1 USD = 150.87 KZT;-0.37%;1 888 $/м2;-0.38%;284 800 ₸/м2
16.04.2013;1 USD = 150.90 KZT;-0.32%;1 885 $/м2;-0.32%;284 400 ₸/м2
23.04.2013;1 USD = 151.16 KZT;0%;1 885 $/м2;0.17%;284 900 ₸/м2
30.04.2013;1 USD = 151.24 KZT;-0.05%;1 884 $/м2;0%;284 900 ₸/м2
30.04.2013;1 USD = 151.24 KZT;-0.05%;1 884 $/м2;0%;284 900 ₸/м2
14.05.2013;1 USD = 151.10 KZT;-0.27%;1 874 $/м2;-0.27%;283 200 ₸/м2
21.05.2013;1 USD = 150.95 KZT;0.69%;1 887 $/м2;0.59%;284 800 ₸/м2
21.05.2013;1 USD = 150.95 KZT;0.69%;1 887 $/м2;0.59%;284 800 ₸/м2
04.06.2013;1 USD = 151.39 KZT;-0.16%;1 879 $/м2;0.14%;284 500 ₸/м2
11.06.2013;1 USD = 151.38 KZT;0.11%;1 881 $/м2;0.1%;284 700 ₸/м2
11.06.2013;1 USD = 151.38 KZT;0.11%;1 881 $/м2;0.1%;284 700 ₸/м2
25.06.2013;1 USD = 151.44 KZT;-0.43%;1 869 $/м2;-0.33%;283 000 ₸/м2
02.07.2013;1 USD = 151.81 KZT;-0.59%;1 858 $/м2;-0.35%;282 100 ₸/м2
09.07.2013;1 USD = 152.05 KZT;0.38%;1 865 $/м2;0.54%;283 600 ₸/м2
09.07.2013;1 USD = 152.05 KZT;0.38%;1 865 $/м2;0.54%;283 600 ₸/м2
23.07.2013;1 USD = 153.03 KZT;0.21%;1 878 $/м2;0.49%;287 400 ₸/м2
30.07.2013;1 USD = 153.24 KZT;0.21%;1 882 $/м2;0.35%;288 400 ₸/м2
30.07.2013;1 USD = 153.24 KZT;0.21%;1 882 $/м2;0.35%;288 400 ₸/м2
13.08.2013;1 USD = 153.15 KZT;0.27%;1 885 $/м2;-0.16%;288 700 ₸/м2
20.08.2013;1 USD = 152.54 KZT;-0.64%;1 873 $/м2;-1.03%;285 700 ₸/м2
27.08.2013;1 USD = 152.33 KZT;0.85%;1 889 $/м2;0.72%;287 800 ₸/м2
27.08.2013;1 USD = 152.33 KZT;0.85%;1 889 $/м2;0.72%;287 800 ₸/м2
10.09.2013;1 USD = 153.09 KZT;0.26%;1 899 $/м2;0.17%;290 700 ₸/м2
17.09.2013;1 USD = 153.38 KZT;0.42%;1 907 $/м2;0.61%;292 500 ₸/м2
17.09.2013;1 USD = 153.38 KZT;0.42%;1 907 $/м2;0.61%;292 500 ₸/м2
01.10.2013;1 USD = 153.81 KZT;0.05%;1 913 $/м2;0.57%;294 200 ₸/м2
08.10.2013;1 USD = 154.27 KZT;0.31%;1 919 $/м2;0.61%;296 000 ₸/м2
08.10.2013;1 USD = 154.27 KZT;0.31%;1 919 $/м2;0.61%;296 000 ₸/м2
22.10.2013;1 USD = 153.83 KZT;-0.47%;1 912 $/м2;-0.47%;294 100 ₸/м2
29.10.2013;1 USD = 154.09 KZT;0.78%;1 927 $/м2;0.95%;296 900 ₸/м2
05.11.2013;1 USD = 154.34 KZT;-0.31%;1 921 $/м2;-0.15%;296 500 ₸/м2
05.11.2013;1 USD = 154.34 KZT;-0.31%;1 921 $/м2;-0.15%;296 500 ₸/м2
19.11.2013;1 USD = 153.27 KZT;-0.88%;1 910 $/м2;-0.84%;292 700 ₸/м2
26.11.2013;1 USD = 152.77 KZT;0.63%;1 922 $/м2;0.3%;293 600 ₸/м2
26.11.2013;1 USD = 152.77 KZT;0.63%;1 922 $/м2;0.3%;293 600 ₸/м2
10.12.2013;1 USD = 154.12 KZT;0.26%;1 924 $/м2;0.55%;296 500 ₸/м2
17.12.2013;1 USD = 154.21 KZT;-0.05%;1 923 $/м2;-0.39%;295 400 ₸/м2
24.12.2013;1 USD = 153.60 KZT;0.47%;1 932 $/м2;0.47%;296 800 ₸/м2
07.01.2014;1 USD = 154.06 KZT;-0.67%;1 919 $/м2;0%;296 800 ₸/м2
14.01.2014;1 USD = 154.64 KZT;0.31%;1 925 $/м2;0.31%;297 700 ₸/м2
14.01.2014;1 USD = 154.64 KZT;0.31%;1 925 $/м2;0.31%;297 700 ₸/м2
28.01.2014;1 USD = 155.17 KZT;0.16%;1 924 $/м2;0.09%;298 500 ₸/м2
04.02.2014;1 USD = 155.49 KZT;0.16%;1 927 $/м2;0.36%;299 600 ₸/м2
04.02.2014;1 USD = 155.49 KZT;0.16%;1 927 $/м2;0.36%;299 600 ₸/м2
18.02.2014;1 USD = 184.50 KZT;-0.46%;1 928 $/м2;18.05%;355 700 ₸/м2
25.02.2014;1 USD = 184.51 KZT;0.16%;1 931 $/м2;0.16%;356 300 ₸/м2
11.03.2014;1 USD = 182.08 KZT;-0.36%;1 924 $/м2;-1.67%;350 300 ₸/м2
18.03.2014;1 USD = 182.06 KZT;0.21%;1 928 $/м2;0.2%;351 000 ₸/м2
25.03.2014;1 USD = 182.04 KZT;-0.62%;1 916 $/м2;-0.62%;348 800 ₸/м2
25.03.2014;1 USD = 182.04 KZT;-0.62%;1 916 $/м2;-0.62%;348 800 ₸/м2
08.04.2014;1 USD = 182.03 KZT;-0.26%;1 905 $/м2;-0.28%;346 800 ₸/м2
15.04.2014;1 USD = 182.03 KZT;-0.16%;1 902 $/м2;-0.16%;346 200 ₸/м2
15.04.2014;1 USD = 182.03 KZT;-0.16%;1 902 $/м2;-0.16%;346 200 ₸/м2
30.04.2014;1 USD = 182.05 KZT;0.63%;1 907 $/м2;0.61%;347 100 ₸/м2
07.05.2014;1 USD = 182.02 KZT;0.1%;1 909 $/м2;0.11%;347 500 ₸/м2
14.05.2014;1 USD = 182.02 KZT;1.36%;1 935 $/м2;1.33%;352 100 ₸/м2
14.05.2014;1 USD = 182.02 KZT;1.36%;1 935 $/м2;1.33%;352 100 ₸/м2
28.05.2014;1 USD = 183.46 KZT;-0.93%;1 909 $/м2;-0.4%;350 500 ₸/м2
04.06.2014;1 USD = 183.49 KZT;-0.21%;1 905 $/м2;-0.27%;349 600 ₸/м2
04.06.2014;1 USD = 183.49 KZT;-0.21%;1 905 $/м2;-0.27%;349 600 ₸/м2
18.06.2014;1 USD = 183.51 KZT;-0.93%;1 925 $/м2;-0.94%;353 200 ₸/м2
25.06.2014;1 USD = 183.49 KZT;-1.71%;1 892 $/м2;-1.69%;347 200 ₸/м2
02.07.2014;1 USD = 183.52 KZT;0.69%;1 905 $/м2;0.72%;349 700 ₸/м2
02.07.2014;1 USD = 183.52 KZT;0.69%;1 905 $/м2;0.72%;349 700 ₸/м2
16.07.2014;1 USD = 183.52 KZT;-0.21%;1 914 $/м2;-0.21%;351 200 ₸/м2
23.07.2014;1 USD = 183.53 KZT;-0.21%;1 910 $/м2;-0.18%;350 600 ₸/м2
23.07.2014;1 USD = 183.53 KZT;-0.21%;1 910 $/м2;-0.18%;350 600 ₸/м2
06.08.2014;1 USD = 182.04 KZT;-2.15%;1 909 $/м2;-2.49%;347 400 ₸/м2
13.08.2014;1 USD = 182.00 KZT;-0.42%;1 901 $/м2;-0.41%;346 000 ₸/м2
20.08.2014;1 USD = 182.00 KZT;0.95%;1 919 $/м2;0.95%;349 300 ₸/м2
20.08.2014;1 USD = 182.00 KZT;0.95%;1 919 $/м2;0.95%;349 300 ₸/м2
03.09.2014;1 USD = 182.00 KZT;-0.87%;1 942 $/м2;-0.84%;353 500 ₸/м2
10.09.2014;1 USD = 182.00 KZT;-0.57%;1 931 $/м2;-0.59%;351 400 ₸/м2
10.09.2014;1 USD = 182.00 KZT;-0.57%;1 931 $/м2;-0.59%;351 400 ₸/м2
24.09.2014;1 USD = 181.90 KZT;0.47%;1 939 $/м2;0.42%;352 700 ₸/м2
01.10.2014;1 USD = 181.90 KZT;-0.1%;1 937 $/м2;-0.1%;352 300 ₸/м2
01.10.2014;1 USD = 181.90 KZT;-0.1%;1 937 $/м2;-0.1%;352 300 ₸/м2
15.10.2014;1 USD = 181.80 KZT;-0.87%;1 927 $/м2;-1%;349 800 ₸/м2
22.10.2014;1 USD = 181.34 KZT;2.28%;1 971 $/м2;1.96%;356 700 ₸/м2
29.10.2014;1 USD = 180.87 KZT;-1.32%;1 945 $/м2;-1.39%;351 700 ₸/м2
29.10.2014;1 USD = 180.87 KZT;-1.32%;1 945 $/м2;-1.39%;351 700 ₸/м2
12.11.2014;1 USD = 180.87 KZT;0.1%;1 922 $/м2;0.09%;347 700 ₸/м2
19.11.2014;1 USD = 180.87 KZT;-0.47%;1 913 $/м2;-0.49%;346 000 ₸/м2
19.11.2014;1 USD = 180.87 KZT;-0.47%;1 913 $/м2;-0.49%;346 000 ₸/м2
03.12.2014;1 USD = 181.09 KZT;-0.26%;1 910 $/м2;-0.01%;346 400 ₸/м2
10.12.2014;1 USD = 181.70 KZT;0.05%;1 911 $/м2;0.24%;347 200 ₸/м2
10.12.2014;1 USD = 181.70 KZT;0.05%;1 911 $/м2;0.24%;347 200 ₸/м2
24.12.2014;1 USD = 182.05 KZT;-0.36%;1 914 $/м2;-0.18%;348 900 ₸/м2
31.12.2014;1 USD = 182.35 KZT;-1.2%;1 891 $/м2;-1.11%;345 000 ₸/м2
07.01.2015;1 USD = 182.85 KZT;2.86%;1 945 $/м2;3.2%;356 100 ₸/м2
07.01.2015;1 USD = 182.85 KZT;2.86%;1 945 $/м2;3.2%;356 100 ₸/м2
21.01.2015;1 USD = 183.80 KZT;0.8%;1 899 $/м2;1.03%;349 600 ₸/м2
28.01.2015;1 USD = 184.45 KZT;-1.26%;1 875 $/м2;-1.06%;345 900 ₸/м2
28.01.2015;1 USD = 184.45 KZT;-1.26%;1 875 $/м2;-1.06%;345 900 ₸/м2
11.02.2015;1 USD = 185.05 KZT;-0.7%;1 855 $/м2;-0.53%;343 300 ₸/м2
18.02.2015;1 USD = 185.05 KZT;-0.32%;1 849 $/м2;-0.33%;342 200 ₸/м2
25.02.2015;1 USD = 185.05 KZT;-0.92%;1 832 $/м2;-0.96%;338 900 ₸/м2
25.02.2015;1 USD = 185.05 KZT;-0.92%;1 832 $/м2;-0.96%;338 900 ₸/м2
11.03.2015;1 USD = 185.20 KZT;-2.04%;1 826 $/м2;-1.93%;338 400 ₸/м2
18.03.2015;1 USD = 185.35 KZT;-2.52%;1 780 $/м2;-2.43%;330 200 ₸/м2
18.03.2015;1 USD = 185.35 KZT;-2.52%;1 780 $/м2;-2.43%;330 200 ₸/м2
01.04.2015;1 USD = 185.65 KZT;-0.28%;1 788 $/м2;-0.22%;331 900 ₸/м2
08.04.2015;1 USD = 185.65 KZT;-1.23%;1 766 $/м2;-1.19%;327 900 ₸/м2
08.04.2015;1 USD = 185.65 KZT;-1.23%;1 766 $/м2;-1.19%;327 900 ₸/м2
22.04.2015;1 USD = 185.80 KZT;0.96%;1 789 $/м2;0.96%;332 500 ₸/м2
29.04.2015;1 USD = 185.80 KZT;-2.29%;1 748 $/м2;-2.29%;324 900 ₸/м2
06.05.2015;1 USD = 185.80 KZT;0.34%;1 754 $/м2;0.3%;325 800 ₸/м2
19.05.2015;1 USD = 185.80 KZT;-0.06%;1 753 $/м2;-0.04%;325 700 ₸/м2
19.05.2015;1 USD = 185.80 KZT;-0.06%;1 753 $/м2;-0.04%;325 700 ₸/м2
27.05.2015;1 USD = 185.80 KZT;0.34%;1 768 $/м2;0.41%;328 700 ₸/м2
27.05.2015;1 USD = 185.80 KZT;0.34%;1 768 $/м2;0.41%;328 700 ₸/м2
10.06.2015;1 USD = 185.95 KZT;-0.06%;1 757 $/м2;-0.02%;326 800 ₸/м2
17.06.2015;1 USD = 186.05 KZT;-0.11%;1 755 $/м2;-0.1%;326 500 ₸/м2
17.06.2015;1 USD = 186.05 KZT;-0.11%;1 755 $/м2;-0.1%;326 500 ₸/м2
01.07.2015;1 USD = 186.20 KZT;-0.51%;1 753 $/м2;-0.52%;326 400 ₸/м2
08.07.2015;1 USD = 186.20 KZT;-1.37%;1 729 $/м2;-1.25%;322 300 ₸/м2
15.07.2015;1 USD = 186.80 KZT;-0.06%;1 728 $/м2;0.25%;323 200 ₸/м2
15.07.2015;1 USD = 186.80 KZT;-0.06%;1 728 $/м2;0.25%;323 200 ₸/м2
29.07.2015;1 USD = 187.25 KZT;-1.5%;1 703 $/м2;-1.32%;319 200 ₸/м2
05.08.2015;1 USD = 187.65 KZT;-0.23%;1 699 $/м2;-0.12%;318 800 ₸/м2
05.08.2015;1 USD = 187.65 KZT;-0.23%;1 699 $/м2;-0.12%;318 800 ₸/м2
19.08.2015;1 USD = 188.35 KZT;-1.17%;1 691 $/м2;20.67%;388 300 ₸/м2
26.08.2015;1 USD = 230.11 KZT;-1.83%;1 660 $/м2;1.74%;395 100 ₸/м2
02.09.2015;1 USD = 234.94 KZT;-1.51%;1 635 $/м2;-0.8%;391 900 ₸/м2
02.09.2015;1 USD = 234.94 KZT;-1.51%;1 635 $/м2;-0.8%;391 900 ₸/м2
16.09.2015;1 USD = 276.83 KZT;-1.56%;1 582 $/м2;6.22%;432 400 ₸/м2
23.09.2015;1 USD = 269.96 KZT;-2.4%;1 544 $/м2;-4.22%;414 100 ₸/м2
23.09.2015;1 USD = 269.96 KZT;-2.4%;1 544 $/м2;-4.22%;414 100 ₸/м2
07.10.2015;1 USD = 272.95 KZT;-4.91%;1 492 $/м2;-3.85%;408 900 ₸/м2
14.10.2015;1 USD = 275.47 KZT;-0.8%;1 480 $/м2;-0.05%;408 700 ₸/м2
14.10.2015;1 USD = 275.47 KZT;-0.8%;1 480 $/м2;-0.05%;408 700 ₸/м2
28.10.2015;1 USD = 278.92 KZT;-0.83%;1 432 $/м2;-0.3%;399 900 ₸/м2
04.11.2015;1 USD = 282.70 KZT;-0.49%;1 425 $/м2;6.99%;427 800 ₸/м2
11.11.2015;1 USD = 306.74 KZT;-1.68%;1 401 $/м2;0.69%;430 800 ₸/м2
11.11.2015;1 USD = 306.74 KZT;-1.68%;1 401 $/м2;0.69%;430 800 ₸/м2
25.11.2015;1 USD = 307.13 KZT;-0.35%;1 410 $/м2;-0.47%;433 100 ₸/м2
02.12.2015;1 USD = 307.40 KZT;-5.46%;1 333 $/м2;-5.42%;409 600 ₸/м2
02.12.2015;1 USD = 307.40 KZT;-5.46%;1 333 $/м2;-5.42%;409 600 ₸/м2
16.12.2015;1 USD = 322.47 KZT;-1.99%;1 278 $/м2;6.95%;435 300 ₸/м2
29.12.2015;1 USD = 331.38 KZT;-5.24%;1 211 $/м2;-7.81%;401 300 ₸/м2
29.12.2015;1 USD = 331.38 KZT;-5.24%;1 211 $/м2;-7.81%;401 300 ₸/м2
06.01.2016;1 USD = 343.14 KZT;-0.56%;1 243 $/м2;2.32%;434 400 ₸/м2
13.01.2016;1 USD = 365.07 KZT;-3.62%;1 198 $/м2;0.6%;437 000 ₸/м2
26.01.2016;1 USD = 372.89 KZT;-1.34%;1 182 $/м2;0.85%;440 800 ₸/м2
26.01.2016;1 USD = 372.89 KZT;-1.34%;1 182 $/м2;0.85%;440 800 ₸/м2
08.02.2016;1 USD = 363.72 KZT;0.25%;1 182 $/м2;0.97%;440 800 ₸/м2
16.02.2016;1 USD = 362.10 KZT;8.63%;1 284 $/м2;5.49%;464 900 ₸/м2
17.02.2016;1 USD = 357.71 KZT;-6.15%;1 205 $/м2;-8.09%;427 300 ₸/м2
01.03.2016;1 USD = 348.78 KZT;-3.32%;1 165 $/м2;-5.67%;403 100 ₸/м2
01.03.2016;1 USD = 348.78 KZT;-3.32%;1 165 $/м2;-5.67%;403 100 ₸/м2
09.03.2016;1 USD = 345.02 KZT;-0.26%;1 172 $/м2;-0.74%;403 400 ₸/м2
09.03.2016;1 USD = 345.02 KZT;-0.26%;1 172 $/м2;-0.74%;403 400 ₸/м2
23.03.2016;1 USD = 346.05 KZT;2.27%;1 171 $/м2;2.11%;404 300 ₸/м2
30.03.2016;1 USD = 341.51 KZT;-1.37%;1 155 $/м2;-1.95%;396 400 ₸/м2
30.03.2016;1 USD = 341.51 KZT;-1.37%;1 155 $/м2;-1.95%;396 400 ₸/м2
13.04.2016;1 USD = 335.64 KZT;0.09%;1 156 $/м2;-1.65%;387 800 ₸/м2
20.04.2016;1 USD = 337.99 KZT;-0.78%;1 147 $/м2;-1.07%;383 700 ₸/м2
20.04.2016;1 USD = 337.99 KZT;-0.78%;1 147 $/м2;-1.07%;383 700 ₸/м2
04.05.2016;1 USD = 329.21 KZT;0.97%;1 147 $/м2;2.09%;383 400 ₸/м2
11.05.2016;1 USD = 334.60 KZT;0.96%;1 158 $/м2;-0.1%;383 000 ₸/м2
18.05.2016;1 USD = 328.07 KZT;-0.52%;1 152 $/м2;0.33%;384 200 ₸/м2
18.05.2016;1 USD = 328.07 KZT;-0.52%;1 152 $/м2;0.33%;384 200 ₸/м2
01.06.2016;1 USD = 335.84 KZT;-2.89%;1 109 $/м2;-2.29%;373 600 ₸/м2
08.06.2016;1 USD = 333.88 KZT;0.54%;1 115 $/м2;-0.83%;370 500 ₸/м2
08.06.2016;1 USD = 333.88 KZT;0.54%;1 115 $/м2;-0.83%;370 500 ₸/м2
22.06.2016;1 USD = 335.87 KZT;-4.22%;1 067 $/м2;-4.35%;359 900 ₸/м2
29.06.2016;1 USD = 339.12 KZT;3%;1 099 $/м2;3.35%;372 000 ₸/м2
29.06.2016;1 USD = 339.12 KZT;3%;1 099 $/м2;3.35%;372 000 ₸/м2
13.07.2016;1 USD = 338.51 KZT;-0.65%;1 077 $/м2;-0.22%;364 900 ₸/м2
20.07.2016;1 USD = 338.72 KZT;-0.56%;1 071 $/м2;0.16%;365 500 ₸/м2
27.07.2016;1 USD = 350.20 KZT;0.65%;1 078 $/м2;3.59%;378 600 ₸/м2
27.07.2016;1 USD = 350.20 KZT;0.65%;1 078 $/м2;3.59%;378 600 ₸/м2
10.08.2016;1 USD = 345.89 KZT;1.11%;1 089 $/м2;-0.34%;377 200 ₸/м2
17.08.2016;1 USD = 343.73 KZT;0.92%;1 099 $/м2;-0.73%;374 400 ₸/м2
17.08.2016;1 USD = 343.73 KZT;0.92%;1 099 $/м2;-0.73%;374 400 ₸/м2
31.08.2016;1 USD = 338.98 KZT;2.98%;1 139 $/м2;3.24%;387 800 ₸/м2
07.09.2016;1 USD = 339.80 KZT;-0.88%;1 129 $/м2;-1.61%;381 500 ₸/м2
14.09.2016;1 USD = 337.64 KZT;-0.62%;1 122 $/м2;-0.35%;380 200 ₸/м2
14.09.2016;1 USD = 337.64 KZT;-0.62%;1 122 $/м2;-0.35%;380 200 ₸/м2
28.09.2016;1 USD = 337.16 KZT;-0.27%;1 101 $/м2;-0.94%;369 800 ₸/м2
05.10.2016;1 USD = 333.59 KZT;0.54%;1 107 $/м2;-0.44%;368 200 ₸/м2
05.10.2016;1 USD = 333.59 KZT;0.54%;1 107 $/м2;-0.44%;368 200 ₸/м2
19.10.2016;1 USD = 332.12 KZT;-0.37%;1 073 $/м2;-0.44%;355 200 ₸/м2
26.10.2016;1 USD = 330.12 KZT;0.37%;1 077 $/м2;0.83%;358 100 ₸/м2
26.10.2016;1 USD = 330.12 KZT;0.37%;1 077 $/м2;0.83%;358 100 ₸/м2
09.11.2016;1 USD = 339.75 KZT;2.43%;1 098 $/м2;3.07%;373 400 ₸/м2
16.11.2016;1 USD = 344.56 KZT;-3.19%;1 063 $/м2;-2.62%;363 600 ₸/м2
29.11.2016;1 USD = 340.24 KZT;-1.03%;1 052 $/м2;-2.24%;355 400 ₸/м2
29.11.2016;1 USD = 340.24 KZT;-1.03%;1 052 $/м2;-2.24%;355 400 ₸/м2
07.12.2016;1 USD = 335.61 KZT;3.93%;1 112 $/м2;2.36%;372 400 ₸/м2
14.12.2016;1 USD = 330.24 KZT;-1.35%;1 097 $/м2;-2.45%;363 300 ₸/м2
14.12.2016;1 USD = 330.24 KZT;-1.35%;1 097 $/м2;-2.45%;363 300 ₸/м2
28.12.2016;1 USD = 333.34 KZT;-2.62%;1 076 $/м2;-2.3%;358 400 ₸/м2
04.01.2017;1 USD = 333.29 KZT;3.9%;1 118 $/м2;3.94%;372 500 ₸/м2
12.01.2017;1 USD = 333.96 KZT;-4.03%;1 073 $/м2;-4.22%;356 700 ₸/м2
12.01.2017;1 USD = 333.96 KZT;-4.03%;1 073 $/м2;-4.22%;356 700 ₸/м2
25.01.2017;1 USD = 328.49 KZT;1.79%;1 081 $/м2;0.78%;355 300 ₸/м2
01.02.2017;1 USD = 324.24 KZT;2.5%;1 108 $/м2;1.13%;359 300 ₸/м2
01.02.2017;1 USD = 324.24 KZT;2.5%;1 108 $/м2;1.13%;359 300 ₸/м2
15.02.2017;1 USD = 322.49 KZT;1.02%;1 088 $/м2;0.08%;348 500 ₸/м2
22.02.2017;1 USD = 317.26 KZT;3.03%;1 121 $/м2;1.12%;352 400 ₸/м2
22.02.2017;1 USD = 317.26 KZT;3.03%;1 121 $/м2;1.12%;352 400 ₸/м2
08.03.2017;1 USD = 316.26 KZT;2.01%;1 114 $/м2;2.68%;352 500 ₸/м2
15.03.2017;1 USD = 317.96 KZT;-1.17%;1 101 $/м2;-0.87%;349 500 ₸/м2
22.03.2017;1 USD = 315.05 KZT;1.18%;1 114 $/м2;0.53%;351 300 ₸/м2
22.03.2017;1 USD = 315.05 KZT;1.18%;1 114 $/м2;0.53%;351 300 ₸/м2
05.04.2017;1 USD = 312.69 KZT;0.27%;1 105 $/м2;-0.33%;345 700 ₸/м2
12.04.2017;1 USD = 311.37 KZT;-2.35%;1 079 $/м2;-2.66%;336 500 ₸/м2
12.04.2017;1 USD = 311.37 KZT;-2.35%;1 079 $/м2;-2.66%;336 500 ₸/м2
26.04.2017;1 USD = 311.58 KZT;-0.18%;1 098 $/м2;0.16%;343 600 ₸/м2
03.05.2017;1 USD = 315.22 KZT;-0.82%;1 089 $/м2;-0.05%;343 500 ₸/м2
03.05.2017;1 USD = 315.22 KZT;-0.82%;1 089 $/м2;-0.05%;343 500 ₸/м2
17.05.2017;1 USD = 312.04 KZT;0.19%;1 067 $/м2;-0.92%;334 100 ₸/м2
24.05.2017;1 USD = 310.83 KZT;5.44%;1 125 $/м2;4.8%;350 100 ₸/м2
31.05.2017;1 USD = 311.23 KZT;-4.53%;1 074 $/м2;-4.24%;335 200 ₸/м2
31.05.2017;1 USD = 311.23 KZT;-4.53%;1 074 $/м2;-4.24%;335 200 ₸/м2
14.06.2017;1 USD = 315.96 KZT;0%;1 080 $/м2;1.14%;342 600 ₸/м2
21.06.2017;1 USD = 321.72 KZT;-3.89%;1 038 $/м2;-1.5%;337 400 ₸/м2
21.06.2017;1 USD = 321.72 KZT;-3.89%;1 038 $/м2;-1.5%;337 400 ₸/м2
05.07.2017;1 USD = 322.37 KZT;0.97%;1 041 $/м2;0.93%;335 500 ₸/м2
12.07.2017;1 USD = 327.20 KZT;-0.96%;1 031 $/м2;0.65%;337 700 ₸/м2
12.07.2017;1 USD = 327.20 KZT;-0.96%;1 031 $/м2;0.65%;337 700 ₸/м2
26.07.2017;1 USD = 326.97 KZT;-1.53%;1 030 $/м2;-1.37%;336 000 ₸/м2
02.08.2017;1 USD = 330.07 KZT;-0.78%;1 022 $/м2;1.42%;340 800 ₸/м2
09.08.2017;1 USD = 332.19 KZT;3.72%;1 060 $/м2;3.53%;352 800 ₸/м2
09.08.2017;1 USD = 332.19 KZT;3.72%;1 060 $/м2;3.53%;352 800 ₸/м2
23.08.2017;1 USD = 333.08 KZT;-0.39%;1 020 $/м2;-0.55%;338 900 ₸/м2
30.08.2017;1 USD = 333.44 KZT;-1.37%;1 006 $/м2;-0.6%;336 900 ₸/м2
30.08.2017;1 USD = 333.44 KZT;-1.37%;1 006 $/м2;-0.6%;336 900 ₸/м2
13.09.2017;1 USD = 338.67 KZT;1.41%;1 010 $/м2;1.48%;341 200 ₸/м2
20.09.2017;1 USD = 340.95 KZT;-0.69%;1 003 $/м2;0.03%;341 300 ₸/м2
27.09.2017;1 USD = 339.68 KZT;2.39%;1 027 $/м2;2.47%;349 800 ₸/м2
27.09.2017;1 USD = 339.68 KZT;2.39%;1 027 $/м2;2.47%;349 800 ₸/м2
11.10.2017;1 USD = 337.48 KZT;-0.78%;1 019 $/м2;-3%;342 500 ₸/м2
18.10.2017;1 USD = 333.53 KZT;1.08%;1 030 $/м2;0.42%;343 900 ₸/м2
18.10.2017;1 USD = 333.53 KZT;1.08%;1 030 $/м2;0.42%;343 900 ₸/м2
01.11.2017;1 USD = 334.71 KZT;-0.29%;1 044 $/м2;-0.15%;349 600 ₸/м2
08.11.2017;1 USD = 332.90 KZT;0%;1 044 $/м2;-0.51%;347 800 ₸/м2
08.11.2017;1 USD = 332.90 KZT;0%;1 044 $/м2;-0.51%;347 800 ₸/м2
22.11.2017;1 USD = 330.29 KZT;1.63%;1 063 $/м2;0.95%;351 100 ₸/м2
29.11.2017;1 USD = 331.50 KZT;0.47%;1 068 $/м2;0.78%;353 800 ₸/м2
06.12.2017;1 USD = 332.99 KZT;-1.69%;1 050 $/м2;-0.89%;350 700 ₸/м2
06.12.2017;1 USD = 332.99 KZT;-1.69%;1 050 $/м2;-0.89%;350 700 ₸/м2
20.12.2017;1 USD = 335.33 KZT;1.38%;1 029 $/м2;1.07%;343 600 ₸/м2
27.12.2017;1 USD = 332.36 KZT;0.1%;1 030 $/м2;-0.62%;341 500 ₸/м2
27.12.2017;1 USD = 332.36 KZT;0.1%;1 030 $/м2;-0.62%;341 500 ₸/м2
10.01.2018;1 USD = 330.26 KZT;2.15%;1 046 $/м2;1.54%;345 300 ₸/м2
17.01.2018;1 USD = 327.89 KZT;0.86%;1 055 $/м2;-0.41%;343 900 ₸/м2
17.01.2018;1 USD = 327.89 KZT;0.86%;1 055 $/м2;-0.41%;343 900 ₸/м2
31.01.2018;1 USD = 322.43 KZT;0.85%;1 074 $/м2;1.22%;346 500 ₸/м2
07.02.2018;1 USD = 324.06 KZT;-1.96%;1 053 $/м2;-1.08%;342 700 ₸/м2
14.02.2018;1 USD = 324.21 KZT;0.66%;1 060 $/м2;-0.54%;340 900 ₸/м2
14.02.2018;1 USD = 324.21 KZT;0.66%;1 060 $/м2;-0.54%;340 900 ₸/м2
28.02.2018;1 USD = 318.68 KZT;-2.48%;1 060 $/м2;-2.14%;340 000 ₸/м2
07.03.2018;1 USD = 319.45 KZT;1.7%;1 078 $/м2;1.33%;344 500 ₸/м2
07.03.2018;1 USD = 319.45 KZT;1.7%;1 078 $/м2;1.33%;344 500 ₸/м2
21.03.2018;1 USD = 320.60 KZT;-0.47%;1 051 $/м2;-0.92%;337 000 ₸/м2
28.03.2018;1 USD = 318.90 KZT;0.29%;1 054 $/м2;-0.25%;336 200 ₸/м2
04.04.2018;1 USD = 320.37 KZT;0.09%;1 055 $/м2;0.4%;337 500 ₸/м2
04.04.2018;1 USD = 320.37 KZT;0.09%;1 055 $/м2;0.4%;337 500 ₸/м2
18.04.2018;1 USD = 328.12 KZT;-0.29%;1 040 $/м2;-0.92%;339 600 ₸/м2
25.04.2018;1 USD = 325.80 KZT;1.54%;1 056 $/м2;1.78%;345 700 ₸/м2
25.04.2018;1 USD = 325.80 KZT;1.54%;1 056 $/м2;1.78%;345 700 ₸/м2
09.05.2018;1 USD = 328.99 KZT;-3.19%;1 032 $/м2;-3.72%;338 000 ₸/м2
16.05.2018;1 USD = 327.77 KZT;-0.39%;1 028 $/м2;-0.22%;337 300 ₸/м2
16.05.2018;1 USD = 327.77 KZT;-0.39%;1 028 $/м2;-0.22%;337 300 ₸/м2
30.05.2018;1 USD = 329.38 KZT;1.36%;1 041 $/м2;2.57%;343 900 ₸/м2
06.06.2018;1 USD = 330.91 KZT;-1.44%;1 026 $/м2;-0.74%;341 300 ₸/м2
13.06.2018;1 USD = 334.50 KZT;-1.66%;1 009 $/м2;-0.8%;338 600 ₸/м2
13.06.2018;1 USD = 334.50 KZT;-1.66%;1 009 $/м2;-0.8%;338 600 ₸/м2
27.06.2018;1 USD = 338.84 KZT;-0.9%;989.0 $/м2;-0.89%;337 200 ₸/м2
04.07.2018;1 USD = 343.00 KZT;1.92%;1 008 $/м2;2.58%;345 900 ₸/м2
04.07.2018;1 USD = 343.00 KZT;1.92%;1 008 $/м2;2.58%;345 900 ₸/м2
18.07.2018;1 USD = 343.06 KZT;-1.41%;979.0 $/м2;-1.06%;337 800 ₸/м2
25.07.2018;1 USD = 344.64 KZT;1.74%;996.0 $/м2;2.06%;344 800 ₸/м2
25.07.2018;1 USD = 344.64 KZT;1.74%;996.0 $/м2;2.06%;344 800 ₸/м2
08.08.2018;1 USD = 348.82 KZT;-1.21%;978.0 $/м2;0.09%;345 600 ₸/м2
15.08.2018;1 USD = 363.28 KZT;-2.66%;952.0 $/м2;-0.55%;343 700 ₸/м2
22.08.2018;1 USD = 360.71 KZT;0.42%;956.0 $/м2;0.36%;345 000 ₸/м2
22.08.2018;1 USD = 360.71 KZT;0.42%;956.0 $/м2;0.36%;345 000 ₸/м2
05.09.2018;1 USD = 367.52 KZT;-2.04%;961.0 $/м2;0.67%;357 600 ₸/м2
12.09.2018;1 USD = 380.93 KZT;-2.29%;939.0 $/м2;-1.25%;353 100 ₸/м2
12.09.2018;1 USD = 380.93 KZT;-2.29%;939.0 $/м2;-1.25%;353 100 ₸/м2
26.09.2018;1 USD = 356.54 KZT;1.19%;1 024 $/м2;1.3%;369 300 ₸/м2
03.10.2018;1 USD = 360.65 KZT;-4.2%;981.0 $/м2;-2.49%;360 100 ₸/м2
10.10.2018;1 USD = 372.17 KZT;-2.34%;958.0 $/м2;-1.25%;355 600 ₸/м2
10.10.2018;1 USD = 372.17 KZT;-2.34%;958.0 $/м2;-1.25%;355 600 ₸/м2
24.10.2018;1 USD = 361.15 KZT;2.17%;990.0 $/м2;2.53%;362 500 ₸/м2
31.10.2018;1 USD = 368.55 KZT;-1.72%;973.0 $/м2;-0.65%;360 200 ₸/м2
31.10.2018;1 USD = 368.55 KZT;-1.72%;973.0 $/м2;-0.65%;360 200 ₸/м2
14.11.2018;1 USD = 374.20 KZT;-1.11%;977.0 $/м2;-1.55%;361 600 ₸/м2
21.11.2018;1 USD = 364.95 KZT;1.64%;993.0 $/м2;0.85%;364 700 ₸/м2
21.11.2018;1 USD = 364.95 KZT;1.64%;993.0 $/м2;0.85%;364 700 ₸/м2
05.12.2018;1 USD = 371.14 KZT;-0.81%;975.0 $/м2;-1.18%;361 100 ₸/м2
12.12.2018;1 USD = 370.55 KZT;0.41%;979.0 $/м2;0.3%;362 200 ₸/м2
19.12.2018;1 USD = 371.31 KZT;0.31%;982.0 $/м2;0.59%;364 300 ₸/м2
19.12.2018;1 USD = 371.31 KZT;0.31%;982.0 $/м2;0.59%;364 300 ₸/м2
02.01.2019;1 USD = 380.44 KZT;-1.02%;971.0 $/м2;0.07%;369 900 ₸/м2
09.01.2019;1 USD = 373.66 KZT;0.93%;980.0 $/м2;-0.56%;367 800 ₸/м2
09.01.2019;1 USD = 373.66 KZT;0.93%;980.0 $/м2;-0.56%;367 800 ₸/м2
23.01.2019;1 USD = 378.14 KZT;2.41%;1 018 $/м2;2.5%;384 800 ₸/м2
30.01.2019;1 USD = 380.66 KZT;-1.67%;1 001 $/м2;-1.01%;381 000 ₸/м2
30.01.2019;1 USD = 380.66 KZT;-1.67%;1 001 $/м2;-1.01%;381 000 ₸/м2
13.02.2019;1 USD = 374.81 KZT;1.02%;991.0 $/м2;0.25%;371 800 ₸/м2
20.02.2019;1 USD = 376.30 KZT;-0.3%;988.0 $/м2;-0.03%;371 700 ₸/м2
27.02.2019;1 USD = 378.04 KZT;-1.21%;976.0 $/м2;-1.32%;366 800 ₸/м2
27.02.2019;1 USD = 378.04 KZT;-1.21%;976.0 $/м2;-1.32%;366 800 ₸/м2
13.03.2019;1 USD = 377.99 KZT;4.26%;1 029 $/м2;4.13%;388 800 ₸/м2
20.03.2019;1 USD = 376.40 KZT;-2.24%;1 006 $/м2;-2.53%;379 000 ₸/м2
20.03.2019;1 USD = 376.40 KZT;-2.24%;1 006 $/м2;-2.53%;379 000 ₸/м2
03.04.2019;1 USD = 379.66 KZT;-1.78%;992.0 $/м2;-1.76%;376 400 ₸/м2
10.04.2019;1 USD = 379.77 KZT;-1.11%;981.0 $/м2;-1.15%;372 000 ₸/м2
17.04.2019;1 USD = 379.96 KZT;4.89%;1 029 $/м2;4.95%;390 400 ₸/м2
17.04.2019;1 USD = 379.96 KZT;4.89%;1 029 $/м2;4.95%;390 400 ₸/м2
01.05.2019;1 USD = 381.94 KZT;-2.01%;976.0 $/м2;-1.54%;372 200 ₸/м2
08.05.2019;1 USD = 380.58 KZT;0%;976.0 $/м2;-0.24%;371 300 ₸/м2
08.05.2019;1 USD = 380.58 KZT;0%;976.0 $/м2;-0.24%;371 300 ₸/м2
22.05.2019;1 USD = 378.87 KZT;5.26%;1 041 $/м2;5.11%;394 000 ₸/м2
29.05.2019;1 USD = 380.30 KZT;-2.79%;1 012 $/м2;-1.98%;386 200 ₸/м2
29.05.2019;1 USD = 380.30 KZT;-2.79%;1 012 $/м2;-1.98%;386 200 ₸/м2
12.06.2019;1 USD = 383.75 KZT;-3.07%;980.0 $/м2;-3.12%;376 200 ₸/м2
19.06.2019;1 USD = 383.69 KZT;1.73%;997.0 $/м2;0.86%;379 500 ₸/м2
26.06.2019;1 USD = 378.83 KZT;0.2%;999.0 $/м2;-0.05%;379 300 ₸/м2
26.06.2019;1 USD = 378.83 KZT;0.2%;999.0 $/м2;-0.05%;379 300 ₸/м2
10.07.2019;1 USD = 384.23 KZT;3.34%;1 021 $/м2;3.56%;391 400 ₸/м2
17.07.2019;1 USD = 383.01 KZT;-2.84%;992.0 $/м2;-2.61%;381 200 ₸/м2
17.07.2019;1 USD = 383.01 KZT;-2.84%;992.0 $/м2;-2.61%;381 200 ₸/м2
31.07.2019;1 USD = 384.56 KZT;-1.28%;1 002 $/м2;-1.15%;385 800 ₸/м2
07.08.2019;1 USD = 386.94 KZT;0.8%;1 010 $/м2;1.36%;391 100 ₸/м2
07.08.2019;1 USD = 386.94 KZT;0.8%;1 010 $/м2;1.36%;391 100 ₸/м2
21.08.2019;1 USD = 386.91 KZT;2.2%;1 021 $/м2;1.98%;394 300 ₸/м2
28.08.2019;1 USD = 387.50 KZT;-1.18%;1 009 $/м2;-0.89%;390 800 ₸/м2
04.09.2019;1 USD = 388.28 KZT;-0.59%;1 003 $/м2;-0.51%;388 800 ₸/м2
04.09.2019;1 USD = 388.28 KZT;-0.59%;1 003 $/м2;-0.51%;388 800 ₸/м2
18.09.2019;1 USD = 385.42 KZT;-0.1%;1 004 $/м2;-0.12%;388 000 ₸/м2
25.09.2019;1 USD = 386.44 KZT;0.2%;1 006 $/м2;0.45%;389 700 ₸/м2
25.09.2019;1 USD = 386.44 KZT;0.2%;1 006 $/м2;0.45%;389 700 ₸/м2
09.10.2019;1 USD = 389.38 KZT;0%;1 004 $/м2;0.24%;391 500 ₸/м2
16.10.2019;1 USD = 389.59 KZT;0.2%;1 006 $/м2;0.2%;392 300 ₸/м2
23.10.2019;1 USD = 389.75 KZT;1.29%;1 019 $/м2;1.12%;396 700 ₸/м2
23.10.2019;1 USD = 389.75 KZT;1.29%;1 019 $/м2;1.12%;396 700 ₸/м2
06.11.2019;1 USD = 388.39 KZT;0.79%;1 020 $/м2;0.78%;396 500 ₸/м2
13.11.2019;1 USD = 388.81 KZT;0.1%;1 021 $/м2;0.07%;396 700 ₸/м2
13.11.2019;1 USD = 388.81 KZT;0.1%;1 021 $/м2;0.07%;396 700 ₸/м2
27.11.2019;1 USD = 385.01 KZT;3.75%;1 078 $/м2;3.56%;415 800 ₸/м2
04.12.2019;1 USD = 387.07 KZT;-2.5%;1 051 $/м2;-2.38%;405 900 ₸/м2
04.12.2019;1 USD = 387.07 KZT;-2.5%;1 051 $/м2;-2.38%;405 900 ₸/м2
18.12.2019;1 USD = 383.95 KZT;1.23%;1 068 $/м2;0.94%;410 200 ₸/м2
25.12.2019;1 USD = 381.56 KZT;0.56%;1 074 $/м2;-0.63%;407 600 ₸/м2
01.01.2020;1 USD = 381.18 KZT;1.86%;1 094 $/м2;2.39%;417 400 ₸/м2
01.01.2020;1 USD = 381.18 KZT;1.86%;1 094 $/м2;2.39%;417 400 ₸/м2
15.01.2020;1 USD = 379.34 KZT;4%;1 143 $/м2;3.92%;432 000 ₸/м2
22.01.2020;1 USD = 376.42 KZT;-3.15%;1 107 $/м2;-3.27%;417 900 ₸/м2
22.01.2020;1 USD = 376.42 KZT;-3.15%;1 107 $/м2;-3.27%;417 900 ₸/м2
05.02.2020;1 USD = 379.53 KZT;-4.39%;1 088 $/м2;-4.6%;411 800 ₸/м2
12.02.2020;1 USD = 378.19 KZT;2.76%;1 118 $/м2;2.38%;421 600 ₸/м2
12.02.2020;1 USD = 378.19 KZT;2.76%;1 118 $/м2;2.38%;421 600 ₸/м2
26.02.2020;1 USD = 376.72 KZT;-0.63%;1 113 $/м2;0.09%;421 900 ₸/м2
04.03.2020;1 USD = 380.26 KZT;-0.63%;1 106 $/м2;-0.22%;420 900 ₸/м2
11.03.2020;1 USD = 393.60 KZT;-2.44%;1 079 $/м2;3.2%;434 400 ₸/м2
11.03.2020;1 USD = 393.60 KZT;-2.44%;1 079 $/м2;3.2%;434 400 ₸/м2
25.03.2020;1 USD = 448.50 KZT;-2.27%;989.0 $/м2;-1.68%;441 700 ₸/м2
01.04.2020;1 USD = 447.67 KZT;-0.1%;988.0 $/м2;0.06%;442 000 ₸/м2
01.04.2020;1 USD = 447.67 KZT;-0.1%;988.0 $/м2;0.06%;442 000 ₸/м2
15.04.2020;1 USD = 425.58 KZT;1.76%;1 043 $/м2;-0.13%;444 900 ₸/м2
22.04.2020;1 USD = 430.50 KZT;-0.29%;1 040 $/м2;0.88%;448 800 ₸/м2
29.04.2020;1 USD = 431.16 KZT;-0.58%;1 034 $/м2;-1.27%;443 100 ₸/м2
29.04.2020;1 USD = 431.16 KZT;-0.58%;1 034 $/м2;-1.27%;443 100 ₸/м2
13.05.2020;1 USD = 420.16 KZT;0.19%;1 044 $/м2;-0.28%;440 100 ₸/м2
20.05.2020;1 USD = 415.11 KZT;0.19%;1 046 $/м2;-1.16%;435 000 ₸/м2
20.05.2020;1 USD = 415.11 KZT;0.19%;1 046 $/м2;-1.16%;435 000 ₸/м2
03.06.2020;1 USD = 402.37 KZT;6.43%;1 109 $/м2;5.59%;454 600 ₸/м2
10.06.2020;1 USD = 398.59 KZT;-3.61%;1 069 $/м2;-6.13%;426 700 ₸/м2
10.06.2020;1 USD = 398.59 KZT;-3.61%;1 069 $/м2;-6.13%;426 700 ₸/м2
24.06.2020;1 USD = 401.26 KZT;0.64%;1 109 $/м2;0.56%;446 600 ₸/м2
01.07.2020;1 USD = 403.93 KZT;-1.71%;1 090 $/м2;-1.23%;441 100 ₸/м2
08.07.2020;1 USD = 409.19 KZT;1.47%;1 106 $/м2;1.82%;449 100 ₸/м2
08.07.2020;1 USD = 409.19 KZT;1.47%;1 106 $/м2;1.82%;449 100 ₸/м2
22.07.2020;1 USD = 413.70 KZT;0%;1 094 $/м2;0.37%;452 500 ₸/м2
29.07.2020;1 USD = 412.18 KZT;-0.55%;1 088 $/м2;0.39%;454 300 ₸/м2
29.07.2020;1 USD = 412.18 KZT;-0.55%;1 088 $/м2;0.39%;454 300 ₸/м2
12.08.2020;1 USD = 412.18 KZT;5.16%;1 100 $/м2;5.25%;460 300 ₸/м2
19.08.2020;1 USD = 418.56 KZT;-3.82%;1 058 $/м2;-3.81%;442 800 ₸/м2
19.08.2020;1 USD = 418.56 KZT;-3.82%;1 058 $/м2;-3.81%;442 800 ₸/м2
03.09.2020;1 USD = 420.67 KZT;-2.05%;1 051 $/м2;-1.77%;441 900 ₸/м2
09.09.2020;1 USD = 425.74 KZT;-0.38%;1 047 $/м2;0.9%;445 900 ₸/м2
























